Date,Source,Description,Category,Subcategory,Amount,Original Category
01/01/2026,Alex AppleCard,TRADER JOE'S,Food,Groceries,112.65,
01/01/2026,Alex ChaseCard,PATAGONIA,Shopping,Clothing,197.17,
01/01/2026,Alex Checking,CITY WATER,Housing,Utilities,102.14,
01/01/2026,Sam AppleCard,MARIA CLEANING SERVICE,Housing,Cleaning,178.55,
01/01/2026,Sam AppleCard,HBO MAX,Subscriptions,Streaming,16.0,
01/01/2026,Sam ChaseCard,CHEWY,Pets,Food,99.98,
01/03/2026,Alex Checking,NETFLIX,Subscriptions,Streaming,18.0,
01/04/2026,Alex AppleCard,EQUINOX,Health,Fitness,265.0,
01/04/2026,Alex AppleCard,ADOBE CC,Subscriptions,Software,55.0,
01/04/2026,Alex Checking,PG&E ELECTRIC,Housing,Utilities,338.26,
01/04/2026,Sam ChaseCard,DISNEY+,Subscriptions,Streaming,14.0,
01/05/2026,Alex Checking,MOUNTAIN POWER CO-OP,Holiday Home,Utilities,199.98,
01/05/2026,Sam ChaseCard,CHIPOTLE,Food,Restaurants,34.06,
01/05/2026,Sam ChaseCard,CVS PHARMACY,Health,Pharmacy,44.14,
01/05/2026,Sam Checking,SUSHI HOUSE,Food,Restaurants,91.79,
01/06/2026,Alex AppleCard,ROCKET MORTGAGE,Housing,Mortgage,4280.0,
01/06/2026,Alex ChaseCard,COMCAST INTERNET,Housing,Utilities,90.42,
01/06/2026,Alex ChaseCard,SPOTIFY FAMILY,Subscriptions,Streaming,17.0,
01/06/2026,Alex Checking,VAC HOME MORTGAGE,Holiday Home,Mortgage,1490.0,
01/06/2026,Alex Checking,ICLOUD STORAGE,Subscriptions,Software,3.0,
01/06/2026,Sam AppleCard,DOORDASH,Food,Delivery,26.3,
01/06/2026,Sam ChaseCard,MUSIC LESSONS,Kids,Activities,236.37,
01/07/2026,Alex ChaseCard,NYT DIGITAL,Subscriptions,News,22.0,
01/07/2026,Sam ChaseCard,WSJ,Subscriptions,News,39.0,
01/07/2026,Sam Checking,WHOLE FOODS,Food,Groceries,146.58,
01/07/2026,Sam Checking,ANIMAL HOSPITAL,Pets,Vet,204.76,
01/08/2026,Alex Checking,TRADER JOE'S,Food,Groceries,56.78,
01/09/2026,Alex ChaseCard,AMAZON,Shopping,Home Goods,75.52,
01/09/2026,Alex Checking,STARBUCKS,Food,Restaurants,8.19,
01/09/2026,Sam AppleCard,DOORDASH,Food,Delivery,44.97,
01/10/2026,Sam Checking,PRIVATE SCHOOL TUITION,Kids,Schools,2939.74,
01/10/2026,Sam Checking,ANIMAL HOSPITAL,Pets,Vet,267.09,
01/11/2026,Alex Checking,SAFEWAY,Food,Groceries,61.49,
01/11/2026,Sam Checking,STARBUCKS,Food,Restaurants,8.76,
01/12/2026,Alex Checking,CHIPOTLE,Food,Restaurants,24.34,
01/12/2026,Alex Checking,LOCAL BISTRO,Food,Restaurants,114.94,
01/12/2026,Sam ChaseCard,SUSHI HOUSE,Food,Restaurants,103.45,
01/12/2026,Sam ChaseCard,SOCCER LEAGUE,Kids,Activities,171.97,
01/14/2026,Alex Checking,WHOLE FOODS,Food,Groceries,204.6,
01/14/2026,Alex Checking,CITY TOURS,Travel,Activities,190.65,
01/15/2026,Sam Checking,MARIA CLEANING SERVICE,Housing,Cleaning,181.17,
01/15/2026,Sam Checking,TRADER JOE'S,Food,Groceries,95.55,
01/16/2026,Sam ChaseCard,STARBUCKS,Food,Restaurants,8.07,
01/16/2026,Sam ChaseCard,SHELL,Transport,Gas,65.02,
01/16/2026,Sam Checking,SUSHI HOUSE,Food,Restaurants,62.34,
01/17/2026,Sam AppleCard,PRIVATE SCHOOL TUITION,Kids,Schools,2911.24,
01/18/2026,Alex Checking,LOCAL BISTRO,Food,Restaurants,193.83,
01/18/2026,Sam Checking,TARGET,Shopping,Home Goods,77.71,
01/19/2026,Sam AppleCard,CHIPOTLE,Food,Restaurants,32.98,
01/19/2026,Sam ChaseCard,STARBUCKS,Food,Restaurants,9.08,
01/20/2026,Alex ChaseCard,SHELL,Transport,Gas,40.65,
01/21/2026,Alex ChaseCard,LOCAL BISTRO,Food,Restaurants,140.31,
01/21/2026,Sam AppleCard,SAFEWAY,Food,Groceries,88.28,
01/21/2026,Sam AppleCard,STARBUCKS,Food,Restaurants,7.73,
01/21/2026,Sam Checking,WHOLE FOODS,Food,Groceries,155.93,
01/22/2026,Sam ChaseCard,TRADER JOE'S,Food,Groceries,111.27,
01/23/2026,Alex AppleCard,MARRIOTT,Travel,Hotels,398.99,
01/23/2026,Alex Checking,CITY TOURS,Travel,Activities,110.35,
01/23/2026,Sam Checking,PEDIATRICIAN COPAY,Health,Medical,55.27,
01/25/2026,Alex AppleCard,HOME DEPOT,Housing,Maintenance,162.47,
01/25/2026,Alex AppleCard,STARBUCKS,Food,Restaurants,5.94,
01/25/2026,Alex Checking,AMAZON,Shopping,Home Goods,40.82,
01/25/2026,Alex Checking,UBER,Transport,Rideshare,26.07,
01/26/2026,Alex Checking,AMAZON,Shopping,Home Goods,92.48,
01/26/2026,Sam AppleCard,CHIPOTLE,Food,Restaurants,25.45,
01/27/2026,Sam AppleCard,TARGET,Shopping,Home Goods,116.83,
01/28/2026,Sam Checking,WHOLE FOODS,Food,Groceries,144.77,
01/29/2026,Alex AppleCard,TRADER JOE'S,Food,Groceries,90.48,
01/29/2026,Sam ChaseCard,MARIA CLEANING SERVICE,Housing,Cleaning,187.82,
01/30/2026,Alex ChaseCard,STARBUCKS,Food,Restaurants,6.8,
01/30/2026,Alex Checking,AMAZON,Shopping,Home Goods,97.87,
01/30/2026,Sam AppleCard,STARBUCKS,Food,Restaurants,7.4,
01/31/2026,Alex ChaseCard,STARBUCKS,Food,Restaurants,5.24,
01/31/2026,Sam Checking,SHELL,Transport,Gas,65.91,
02/01/2026,Alex AppleCard,SPOTIFY FAMILY,Subscriptions,Streaming,17.0,
02/01/2026,Sam ChaseCard,HOME DEPOT,Housing,Maintenance,166.24,
02/01/2026,Sam ChaseCard,STARBUCKS,Food,Restaurants,7.6,
02/02/2026,Alex AppleCard,SAFEWAY,Food,Groceries,53.85,
02/02/2026,Alex ChaseCard,ROCKET MORTGAGE,Housing,Mortgage,4280.0,
02/02/2026,Alex Checking,ICLOUD STORAGE,Subscriptions,Software,3.0,
02/02/2026,Sam Checking,CHIPOTLE,Food,Restaurants,33.79,
02/03/2026,Alex ChaseCard,STARBUCKS,Food,Restaurants,6.2,
02/03/2026,Alex ChaseCard,EQUINOX,Health,Fitness,265.0,
02/03/2026,Sam ChaseCard,CHEWY,Pets,Food,98.64,
02/04/2026,Alex AppleCard,WHOLE FOODS,Food,Groceries,157.12,
02/04/2026,Alex Checking,NYT DIGITAL,Subscriptions,News,22.0,
02/05/2026,Alex AppleCard,TRADER JOE'S,Food,Groceries,96.73,
02/05/2026,Alex AppleCard,LOCAL BISTRO,Food,Restaurants,191.27,
02/05/2026,Alex Checking,CITY WATER,Housing,Utilities,99.98,
02/05/2026,Sam ChaseCard,MUSIC LESSONS,Kids,Activities,230.92,
02/05/2026,Sam Checking,HBO MAX,Subscriptions,Streaming,16.0,
02/06/2026,Alex AppleCard,PG&E ELECTRIC,Housing,Utilities,289.97,
02/06/2026,Alex AppleCard,VAC HOME MORTGAGE,Holiday Home,Mortgage,1490.0,
02/06/2026,Sam ChaseCard,DISNEY+,Subscriptions,Streaming,14.0,
02/07/2026,Alex ChaseCard,MOUNTAIN POWER CO-OP,Holiday Home,Utilities,147.61,
02/07/2026,Alex ChaseCard,ADOBE CC,Subscriptions,Software,55.0,
02/07/2026,Sam Checking,STARBUCKS,Food,Restaurants,8.02,
02/08/2026,Alex AppleCard,COMCAST INTERNET,Housing,Utilities,88.1,
02/08/2026,Alex AppleCard,NETFLIX,Subscriptions,Streaming,18.0,
02/08/2026,Sam Checking,STARBUCKS,Food,Restaurants,6.5,
02/08/2026,Sam Checking,WSJ,Subscriptions,News,39.0,
02/09/2026,Sam ChaseCard,CHIPOTLE,Food,Restaurants,34.84,
02/11/2026,Alex AppleCard,DOORDASH,Food,Delivery,27.0,
02/11/2026,Sam Checking,WHOLE FOODS,Food,Groceries,189.57,
02/11/2026,Sam Checking,STARBUCKS,Food,Restaurants,7.7,
02/12/2026,Alex Checking,MARRIOTT,Travel,Hotels,354.7,
02/12/2026,Sam AppleCard,MARIA CLEANING SERVICE,Housing,Cleaning,183.06,
02/12/2026,Sam AppleCard,SOCCER LEAGUE,Kids,Activities,167.67,
02/12/2026,Sam AppleCard,TARGET,Shopping,Home Goods,43.19,
02/12/2026,Sam Checking,TRADER JOE'S,Food,Groceries,90.97,
02/13/2026,Sam AppleCard,UBER,Transport,Rideshare,20.49,
02/16/2026,Alex ChaseCard,CHIPOTLE,Food,Restaurants,34.51,
02/18/2026,Alex ChaseCard,PATAGONIA,Shopping,Clothing,191.46,
02/18/2026,Alex Checking,WHOLE FOODS,Food,Groceries,171.84,
02/19/2026,Alex Checking,TRADER JOE'S,Food,Groceries,101.82,
02/20/2026,Sam Checking,DOORDASH,Food,Delivery,28.66,
02/22/2026,Alex Checking,UNITED AIRLINES,Travel,Flights,502.71,
02/22/2026,Sam AppleCard,SOCCER LEAGUE,Kids,Activities,173.56,
02/22/2026,Sam ChaseCard,SUSHI HOUSE,Food,Restaurants,61.21,
02/23/2026,Alex Checking,CHIPOTLE,Food,Restaurants,34.51,
02/23/2026,Sam ChaseCard,STARBUCKS,Food,Restaurants,6.37,
02/24/2026,Alex AppleCard,TARGET,Shopping,Home Goods,60.64,
02/24/2026,Sam AppleCard,DOORDASH,Food,Delivery,62.85,
02/24/2026,Sam AppleCard,CVS PHARMACY,Health,Pharmacy,50.68,
02/24/2026,Sam Checking,CVS PHARMACY,Health,Pharmacy,26.37,
02/25/2026,Sam Checking,WHOLE FOODS,Food,Groceries,198.04,
02/25/2026,Sam Checking,1PASSWORD,Subscriptions,Software,60.0,
02/26/2026,Alex AppleCard,HOME DEPOT,Housing,Maintenance,102.13,
02/26/2026,Sam ChaseCard,MARIA CLEANING SERVICE,Housing,Cleaning,175.3,
02/26/2026,Sam Checking,TRADER JOE'S,Food,Groceries,80.74,
02/27/2026,Sam AppleCard,AIRBNB,Travel,Hotels,585.77,
02/28/2026,Alex ChaseCard,UBER,Transport,Rideshare,21.51,
02/28/2026,Sam ChaseCard,SAFEWAY,Food,Groceries,83.94,
03/01/2026,Alex ChaseCard,UNITED AIRLINES,Travel,Flights,1235.66,
03/01/2026,Alex Checking,MOUNTAIN POWER CO-OP,Holiday Home,Utilities,150.38,
03/01/2026,Sam AppleCard,SHELL,Transport,Gas,51.8,
03/01/2026,Sam Checking,HBO MAX,Subscriptions,Streaming,16.0,
03/02/2025,Alex AppleCard,NETFLIX,Subscriptions,Streaming,18.0,
03/02/2025,Alex AppleCard,SHELL,Transport,Gas,49.11,
03/02/2025,Alex Checking,VAC HOME MORTGAGE,Holiday Home,Mortgage,1490.0,
03/02/2025,Alex Checking,EQUINOX,Health,Fitness,265.0,
03/02/2025,Alex Checking,SPOTIFY FAMILY,Subscriptions,Streaming,17.0,
03/02/2025,Alex Checking,NYT DIGITAL,Subscriptions,News,22.0,
03/02/2025,Sam AppleCard,HBO MAX,Subscriptions,Streaming,16.0,
03/02/2025,Sam AppleCard,CHEWY,Pets,Food,93.65,
03/02/2025,Sam ChaseCard,WSJ,Subscriptions,News,39.0,
03/02/2026,Alex AppleCard,EQUINOX,Health,Fitness,265.0,
03/02/2026,Alex ChaseCard,COMCAST INTERNET,Housing,Utilities,87.29,
03/02/2026,Alex Checking,CITY WATER,Housing,Utilities,91.17,
03/02/2026,Alex Checking,SPOTIFY FAMILY,Subscriptions,Streaming,17.0,
03/02/2026,Sam AppleCard,CHIPOTLE,Food,Restaurants,33.24,
03/03/2025,Alex AppleCard,PG&E ELECTRIC,Housing,Utilities,239.85,
03/03/2025,Sam Checking,CHIPOTLE,Food,Restaurants,33.03,
03/03/2026,Alex Checking,MARRIOTT,Travel,Hotels,411.04,
03/03/2026,Sam AppleCard,DOORDASH,Food,Delivery,49.97,
03/03/2026,Sam AppleCard,PEDIATRICIAN COPAY,Health,Medical,49.65,
03/03/2026,Sam AppleCard,CVS PHARMACY,Health,Pharmacy,50.13,
03/04/2025,Sam AppleCard,DISNEY+,Subscriptions,Streaming,14.0,
03/04/2026,Alex AppleCard,ICLOUD STORAGE,Subscriptions,Software,3.0,
03/04/2026,Sam ChaseCard,WHOLE FOODS,Food,Groceries,136.31,
03/05/2025,Alex AppleCard,WHOLE FOODS,Food,Groceries,168.73,
03/05/2025,Alex AppleCard,ICLOUD STORAGE,Subscriptions,Software,3.0,
03/05/2025,Alex ChaseCard,MOUNTAIN POWER CO-OP,Holiday Home,Utilities,123.1,
03/05/2025,Alex Checking,COMCAST INTERNET,Housing,Utilities,90.49,
03/05/2025,Sam Checking,SUSHI HOUSE,Food,Restaurants,115.51,
03/05/2025,Sam Checking,MUSIC LESSONS,Kids,Activities,250.09,
03/05/2026,Alex AppleCard,ROCKET MORTGAGE,Housing,Mortgage,4280.0,
03/05/2026,Alex ChaseCard,SAFEWAY,Food,Groceries,47.3,
03/05/2026,Alex ChaseCard,VAC HOME MORTGAGE,Holiday Home,Mortgage,1490.0,
03/05/2026,Alex ChaseCard,ADOBE CC,Subscriptions,Software,55.0,
03/05/2026,Sam AppleCard,TRADER JOE'S,Food,Groceries,85.35,
03/05/2026,Sam AppleCard,PRIVATE SCHOOL TUITION,Kids,Schools,2909.69,
03/05/2026,Sam Checking,SUSHI HOUSE,Food,Restaurants,103.65,
03/06/2025,Alex AppleCard,ROCKET MORTGAGE,Housing,Mortgage,4280.0,
03/06/2025,Alex ChaseCard,ADOBE CC,Subscriptions,Software,55.0,
03/06/2025,Alex Checking,CITY WATER,Housing,Utilities,93.64,
03/06/2025,Alex Checking,TRADER JOE'S,Food,Groceries,96.68,
03/06/2025,Sam Checking,CVS PHARMACY,Health,Pharmacy,33.73,
03/06/2026,Sam AppleCard,HOME DEPOT,Housing,Maintenance,231.23,
03/06/2026,Sam ChaseCard,WSJ,Subscriptions,News,39.0,
03/07/2026,Alex AppleCard,NYT DIGITAL,Subscriptions,News,22.0,
03/07/2026,Alex ChaseCard,TARGET,Shopping,Home Goods,98.22,
03/07/2026,Alex Checking,PG&E ELECTRIC,Housing,Utilities,206.54,
03/07/2026,Alex Checking,NETFLIX,Subscriptions,Streaming,18.0,
03/07/2026,Sam ChaseCard,MUSIC LESSONS,Kids,Activities,247.64,
03/07/2026,Sam ChaseCard,CHEWY,Pets,Food,92.85,
03/08/2025,Alex ChaseCard,SAFEWAY,Food,Groceries,43.28,
03/08/2026,Sam ChaseCard,NORDSTROM,Shopping,Clothing,317.45,
03/08/2026,Sam Checking,DISNEY+,Subscriptions,Streaming,14.0,
03/09/2025,Alex AppleCard,SHELL,Transport,Gas,49.72,
03/09/2025,Sam AppleCard,DOORDASH,Food,Delivery,35.48,
03/09/2025,Sam ChaseCard,PRIVATE SCHOOL TUITION,Kids,Schools,2880.42,
03/09/2026,Alex AppleCard,SHELL,Transport,Gas,49.11,
03/09/2026,Sam AppleCard,CHIPOTLE,Food,Restaurants,28.36,
03/10/2025,Alex Checking,CHIPOTLE,Food,Restaurants,24.27,
03/10/2026,Alex AppleCard,TARGET,Shopping,Home Goods,69.13,
03/10/2026,Sam ChaseCard,PEDIATRICIAN COPAY,Health,Medical,56.63,
03/11/2025,Sam AppleCard,STARBUCKS,Food,Restaurants,8.27,
03/11/2025,Sam Checking,ETSY,Gifts,Family,63.28,
03/11/2026,Alex Checking,DOORDASH,Food,Delivery,51.88,
03/11/2026,Sam ChaseCard,WHOLE FOODS,Food,Groceries,159.24,
03/12/2025,Sam AppleCard,WHOLE FOODS,Food,Groceries,207.89,
03/12/2026,Sam AppleCard,TRADER JOE'S,Food,Groceries,105.8,
03/12/2026,Sam ChaseCard,MARIA CLEANING SERVICE,Housing,Cleaning,173.36,
03/13/2025,Sam AppleCard,MARIA CLEANING SERVICE,Housing,Cleaning,173.99,
03/13/2025,Sam ChaseCard,TRADER JOE'S,Food,Groceries,69.77,
03/13/2026,Sam AppleCard,AMAZON GIFTS,Gifts,Family,158.02,
03/14/2025,Alex ChaseCard,DOORDASH,Food,Delivery,42.75,
03/14/2025,Sam Checking,UBER,Transport,Rideshare,17.26,
03/14/2026,Sam AppleCard,STARBUCKS,Food,Restaurants,7.24,
03/15/2025,Alex AppleCard,CITY TOURS,Travel,Activities,82.73,
03/15/2026,Alex AppleCard,SHELL,Transport,Gas,41.04,
03/15/2026,Alex ChaseCard,STARBUCKS,Food,Restaurants,4.98,
03/15/2026,Alex Checking,AMAZON,Shopping,Home Goods,41.44,
03/16/2025,Alex ChaseCard,STARBUCKS,Food,Restaurants,8.46,
03/16/2025,Alex Checking,STARBUCKS,Food,Restaurants,7.13,
03/16/2026,Sam AppleCard,CHIPOTLE,Food,Restaurants,31.11,
03/16/2026,Sam ChaseCard,DOORDASH,Food,Delivery,35.24,
03/17/2025,Sam AppleCard,HOME DEPOT,Housing,Maintenance,182.55,
03/17/2025,Sam ChaseCard,AMAZON,Shopping,Home Goods,55.64,
03/17/2025,Sam Checking,CHIPOTLE,Food,Restaurants,29.26,
03/18/2026,Alex Checking,WHOLE FOODS,Food,Groceries,162.35,
03/18/2026,Sam ChaseCard,SUMMER CAMP,Kids,Camps,1602.81,
03/19/2025,Alex AppleCard,WHOLE FOODS,Food,Groceries,152.08,
03/19/2025,Alex ChaseCard,DOORDASH,Food,Delivery,35.99,
03/19/2025,Alex Checking,LOCAL BISTRO,Food,Restaurants,94.94,
03/19/2026,Sam AppleCard,TRADER JOE'S,Food,Groceries,81.04,
03/19/2026,Sam AppleCard,ANIMAL HOSPITAL,Pets,Vet,374.06,
03/19/2026,Sam Checking,SHELL,Transport,Gas,71.45,
03/20/2025,Alex AppleCard,TRADER JOE'S,Food,Groceries,101.57,
03/20/2025,Alex ChaseCard,STARBUCKS,Food,Restaurants,8.39,
03/20/2025,Sam ChaseCard,STARBUCKS,Food,Restaurants,5.39,
03/20/2026,Alex ChaseCard,AMAZON,Shopping,Home Goods,98.58,
03/21/2025,Alex ChaseCard,SHELL,Transport,Gas,58.23,
03/21/2025,Alex ChaseCard,UBER,Transport,Rideshare,15.56,
03/21/2026,Alex Checking,TARGET,Shopping,Home Goods,126.9,
03/22/2025,Sam Checking,1PASSWORD,Subscriptions,Software,60.0,
03/22/2025,Sam Checking,AMAZON,Shopping,Home Goods,45.03,
03/22/2026,Alex AppleCard,CABIN MAINTENANCE,Holiday Home,Maintenance,195.74,
03/22/2026,Alex Checking,STARBUCKS,Food,Restaurants,5.24,
03/23/2025,Alex AppleCard,AMAZON,Shopping,Home Goods,96.49,
03/23/2025,Sam ChaseCard,DOORDASH,Food,Delivery,31.65,
03/23/2026,Sam Checking,CHIPOTLE,Food,Restaurants,34.58,
03/24/2025,Alex AppleCard,CABIN MAINTENANCE,Holiday Home,Maintenance,178.37,
03/24/2025,Alex ChaseCard,CHIPOTLE,Food,Restaurants,22.61,
03/24/2025,Alex ChaseCard,STARBUCKS,Food,Restaurants,9.03,
03/24/2025,Alex Checking,TARGET,Shopping,Home Goods,109.13,
03/24/2025,Sam AppleCard,SHELL,Transport,Gas,71.12,
03/24/2026,Alex ChaseCard,LOCAL BISTRO,Food,Restaurants,188.2,
03/24/2026,Sam ChaseCard,STARBUCKS,Food,Restaurants,7.48,
03/25/2026,Alex AppleCard,STARBUCKS,Food,Restaurants,8.9,
03/25/2026,Alex AppleCard,SHELL,Transport,Gas,40.82,
03/25/2026,Alex Checking,WHOLE FOODS,Food,Groceries,123.89,
03/25/2026,Sam AppleCard,SAFEWAY,Food,Groceries,86.09,
03/25/2026,Sam Checking,STARBUCKS,Food,Restaurants,8.78,
03/26/2025,Alex ChaseCard,WHOLE FOODS,Food,Groceries,198.04,
03/26/2025,Sam ChaseCard,UBER,Transport,Rideshare,31.68,
03/26/2026,Sam Checking,MARIA CLEANING SERVICE,Housing,Cleaning,176.4,
03/26/2026,Sam Checking,TRADER JOE'S,Food,Groceries,108.3,
03/27/2025,Alex AppleCard,TRADER JOE'S,Food,Groceries,103.09,
03/27/2025,Alex AppleCard,SHELL,Transport,Gas,68.59,
03/27/2025,Alex Checking,STARBUCKS,Food,Restaurants,6.67,
03/27/2025,Sam AppleCard,STARBUCKS,Food,Restaurants,6.28,
03/27/2025,Sam ChaseCard,MARIA CLEANING SERVICE,Housing,Cleaning,179.66,
03/28/2025,Sam Checking,SAFEWAY,Food,Groceries,92.16,
03/28/2026,Alex Checking,STARBUCKS,Food,Restaurants,6.48,
03/28/2026,Sam Checking,AMAZON,Shopping,Home Goods,68.88,
03/29/2025,Alex AppleCard,STARBUCKS,Food,Restaurants,6.17,
03/29/2025,Sam AppleCard,AIRBNB,Travel,Hotels,691.08,
03/29/2025,Sam AppleCard,ETSY,Gifts,Family,72.93,
03/29/2025,Sam Checking,SHELL,Transport,Gas,66.41,
03/29/2026,Alex ChaseCard,TARGET,Shopping,Home Goods,86.33,
03/29/2026,Alex Checking,CARTERS,Kids,Clothing,116.52,
03/29/2026,Sam Checking,NORDSTROM,Shopping,Clothing,115.92,
03/30/2026,Alex ChaseCard,CHIPOTLE,Food,Restaurants,31.94,
03/30/2026,Alex ChaseCard,SHELL,Transport,Gas,68.69,
03/31/2025,Alex Checking,CHIPOTLE,Food,Restaurants,23.09,
03/31/2026,Alex Checking,SHELL,Transport,Gas,71.94,
04/01/2025,Alex AppleCard,ADOBE CC,Subscriptions,Software,55.0,
04/01/2025,Alex ChaseCard,VAC HOME MORTGAGE,Holiday Home,Mortgage,1490.0,
04/01/2025,Alex ChaseCard,NETFLIX,Subscriptions,Streaming,18.0,
04/01/2025,Sam Checking,MUSIC LESSONS,Kids,Activities,231.31,
04/01/2025,Sam Checking,UBER,Transport,Rideshare,35.14,
04/01/2026,Sam AppleCard,WHOLE FOODS,Food,Groceries,196.52,
04/02/2025,Alex AppleCard,CVS PHARMACY,Health,Pharmacy,52.78,
04/02/2025,Alex ChaseCard,PG&E ELECTRIC,Housing,Utilities,191.35,
04/02/2025,Sam Checking,WHOLE FOODS,Food,Groceries,212.9,
04/02/2025,Sam Checking,STARBUCKS,Food,Restaurants,6.17,
04/02/2026,Alex AppleCard,VAC HOME MORTGAGE,Holiday Home,Mortgage,1490.0,
04/02/2026,Alex ChaseCard,ROCKET MORTGAGE,Housing,Mortgage,4280.0,
04/02/2026,Sam Checking,TRADER JOE'S,Food,Groceries,64.35,
04/02/2026,Sam Checking,PRIVATE SCHOOL TUITION,Kids,Schools,2909.01,
04/03/2025,Alex ChaseCard,MOUNTAIN POWER CO-OP,Holiday Home,Utilities,182.74,
04/03/2025,Alex Checking,UNITED AIRLINES,Travel,Flights,702.94,
04/03/2025,Sam AppleCard,TRADER JOE'S,Food,Groceries,88.42,
04/03/2026,Sam ChaseCard,MUSIC LESSONS,Kids,Activities,229.01,
04/03/2026,Sam ChaseCard,CHEWY,Pets,Food,100.36,
04/03/2026,Sam Checking,SUSHI HOUSE,Food,Restaurants,122.5,
04/03/2026,Sam Checking,STARBUCKS,Food,Restaurants,7.12,
04/04/2025,Alex ChaseCard,DOORDASH,Food,Delivery,57.68,
04/04/2025,Alex ChaseCard,SPOTIFY FAMILY,Subscriptions,Streaming,17.0,
04/04/2026,Alex AppleCard,CITY WATER,Housing,Utilities,92.6,
04/04/2026,Alex Checking,COMCAST INTERNET,Housing,Utilities,88.0,
04/04/2026,Alex Checking,DOORDASH,Food,Delivery,34.94,
04/04/2026,Sam Checking,AMAZON,Shopping,Home Goods,87.79,
04/05/2025,Alex AppleCard,ROCKET MORTGAGE,Housing,Mortgage,4280.0,
04/05/2025,Alex AppleCard,NYT DIGITAL,Subscriptions,News,22.0,
04/05/2025,Alex ChaseCard,ICLOUD STORAGE,Subscriptions,Software,3.0,
04/05/2025,Alex Checking,STARBUCKS,Food,Restaurants,7.56,
04/05/2025,Sam ChaseCard,DISNEY+,Subscriptions,Streaming,14.0,
04/05/2025,Sam ChaseCard,WSJ,Subscriptions,News,39.0,
04/05/2026,Alex AppleCard,PG&E ELECTRIC,Housing,Utilities,188.72,
04/05/2026,Alex ChaseCard,NYT DIGITAL,Subscriptions,News,22.0,
04/06/2025,Alex ChaseCard,COMCAST INTERNET,Housing,Utilities,87.29,
04/06/2026,Alex Checking,MOUNTAIN POWER CO-OP,Holiday Home,Utilities,126.61,
04/06/2026,Alex Checking,ADOBE CC,Subscriptions,Software,55.0,
04/06/2026,Sam AppleCard,STARBUCKS,Food,Restaurants,6.44,
04/06/2026,Sam ChaseCard,CHIPOTLE,Food,Restaurants,29.73,
04/07/2025,Alex AppleCard,SAFEWAY,Food,Groceries,48.92,
04/07/2025,Alex AppleCard,MARRIOTT,Travel,Hotels,618.4,
04/07/2025,Alex ChaseCard,CITY WATER,Housing,Utilities,89.67,
04/07/2025,Alex ChaseCard,UNITED AIRLINES,Travel,Flights,501.93,
04/07/2025,Alex ChaseCard,CVS PHARMACY,Health,Pharmacy,33.27,
04/07/2025,Alex ChaseCard,EQUINOX,Health,Fitness,265.0,
04/07/2025,Sam AppleCard,CHIPOTLE,Food,Restaurants,22.0,
04/07/2025,Sam ChaseCard,CHEWY,Pets,Food,100.52,
04/07/2026,Alex ChaseCard,NETFLIX,Subscriptions,Streaming,18.0,
04/07/2026,Alex Checking,EQUINOX,Health,Fitness,265.0,
04/07/2026,Sam AppleCard,HBO MAX,Subscriptions,Streaming,16.0,
04/07/2026,Sam AppleCard,AMAZON,Shopping,Home Goods,108.19,
04/07/2026,Sam ChaseCard,WSJ,Subscriptions,News,39.0,
04/08/2025,Alex AppleCard,UBER,Transport,Rideshare,30.72,
04/08/2025,Alex ChaseCard,HANDYMAN SERVICES,Housing,Maintenance,560.89,
04/08/2025,Sam AppleCard,SUSHI HOUSE,Food,Restaurants,108.37,
04/08/2025,Sam AppleCard,HBO MAX,Subscriptions,Streaming,16.0,
04/08/2026,Alex AppleCard,SPOTIFY FAMILY,Subscriptions,Streaming,17.0,
04/08/2026,Alex ChaseCard,ICLOUD STORAGE,Subscriptions,Software,3.0,
04/08/2026,Alex Checking,WHOLE FOODS,Food,Groceries,146.23,
04/08/2026,Sam ChaseCard,SUSHI HOUSE,Food,Restaurants,61.95,
04/08/2026,Sam ChaseCard,DISNEY+,Subscriptions,Streaming,14.0,
04/08/2026,Sam Checking,TARGET,Shopping,Home Goods,107.29,
04/09/2025,Alex Checking,WHOLE FOODS,Food,Groceries,196.39,
04/09/2025,Alex Checking,STARBUCKS,Food,Restaurants,7.4,
04/09/2025,Alex Checking,DOORDASH,Food,Delivery,36.41,
04/09/2025,Alex Checking,TARGET,Shopping,Home Goods,61.73,
04/09/2025,Sam Checking,STARBUCKS,Food,Restaurants,6.7,
04/09/2026,Alex ChaseCard,PATAGONIA,Shopping,Clothing,214.84,
04/09/2026,Alex Checking,TRADER JOE'S,Food,Groceries,86.29,
04/09/2026,Sam AppleCard,STARBUCKS,Food,Restaurants,6.01,
04/09/2026,Sam ChaseCard,MARIA CLEANING SERVICE,Housing,Cleaning,187.72,
04/10/2025,Alex AppleCard,SHELL,Transport,Gas,59.27,
04/10/2025,Alex ChaseCard,TRADER JOE'S,Food,Groceries,63.18,
04/10/2025,Alex ChaseCard,STARBUCKS,Food,Restaurants,5.81,
04/10/2025,Alex Checking,LOCAL BISTRO,Food,Restaurants,188.02,
04/10/2025,Sam ChaseCard,MARIA CLEANING SERVICE,Housing,Cleaning,187.24,
04/10/2025,Sam Checking,DOORDASH,Food,Delivery,62.79,
04/10/2026,Alex AppleCard,LOCAL BISTRO,Food,Restaurants,106.72,
04/10/2026,Alex AppleCard,DOORDASH,Food,Delivery,34.26,
04/10/2026,Alex AppleCard,DOORDASH,Food,Delivery,49.19,
04/10/2026,Alex ChaseCard,STARBUCKS,Food,Restaurants,8.72,
04/10/2026,Sam AppleCard,STARBUCKS,Food,Restaurants,7.71,
04/11/2025,Sam AppleCard,STARBUCKS,Food,Restaurants,5.02,
04/12/2025,Alex ChaseCard,SHELL,Transport,Gas,43.51,
04/12/2025,Sam Checking,TARGET,Shopping,Home Goods,119.32,
04/12/2026,Alex AppleCard,LOCAL BISTRO,Food,Restaurants,121.03,
04/12/2026,Sam ChaseCard,NORDSTROM,Shopping,Clothing,258.06,
04/12/2026,Sam Checking,PRIVATE SCHOOL TUITION,Kids,Schools,2943.16,
04/13/2025,Alex AppleCard,AMAZON,Shopping,Home Goods,80.86,
04/13/2025,Alex ChaseCard,STARBUCKS,Food,Restaurants,5.31,
04/13/2025,Alex Checking,AMAZON,Shopping,Home Goods,38.76,
04/13/2025,Sam Checking,STARBUCKS,Food,Restaurants,6.48,
04/13/2026,Alex Checking,UBER,Transport,Rideshare,35.86,
04/13/2026,Sam AppleCard,DOORDASH,Food,Delivery,51.54,
04/13/2026,Sam ChaseCard,SAFEWAY,Food,Groceries,56.01,
04/13/2026,Sam ChaseCard,AMAZON GIFTS,Gifts,Family,99.09,
04/13/2026,Sam Checking,CHIPOTLE,Food,Restaurants,22.12,
04/14/2025,Alex AppleCard,MARRIOTT,Travel,Hotels,339.9,
04/14/2025,Alex ChaseCard,CHIPOTLE,Food,Restaurants,29.33,
04/15/2025,Sam AppleCard,STARBUCKS,Food,Restaurants,5.92,
04/15/2026,Alex AppleCard,WHOLE FOODS,Food,Groceries,117.92,
04/15/2026,Sam Checking,UBER,Transport,Rideshare,31.97,
04/16/2025,Sam Checking,WHOLE FOODS,Food,Groceries,125.76,
04/16/2026,Alex AppleCard,UBER,Transport,Rideshare,12.29,
04/16/2026,Sam AppleCard,SUSHI HOUSE,Food,Restaurants,89.96,
04/16/2026,Sam Checking,TRADER JOE'S,Food,Groceries,103.34,
04/17/2025,Sam AppleCard,SAFEWAY,Food,Groceries,62.8,
04/17/2025,Sam Checking,TRADER JOE'S,Food,Groceries,86.85,
04/18/2026,Sam AppleCard,HOME DEPOT,Housing,Maintenance,106.98,
04/18/2026,Sam Checking,STARBUCKS,Food,Restaurants,8.99,
04/18/2026,Sam Checking,UBER,Transport,Rideshare,28.73,
04/19/2026,Alex Checking,STARBUCKS,Food,Restaurants,6.74,
04/19/2026,Alex Checking,UNITED AIRLINES,Travel,Flights,934.35,
04/19/2026,Sam ChaseCard,ETSY,Gifts,Family,68.29,
04/20/2025,Alex Checking,SAFEWAY,Food,Groceries,52.28,
04/20/2025,Alex Checking,LOCAL BISTRO,Food,Restaurants,168.65,
04/20/2025,Sam AppleCard,STARBUCKS,Food,Restaurants,5.48,
04/20/2026,Alex ChaseCard,TOYOTA SERVICE,Transport,Auto Service,219.94,
04/20/2026,Alex Checking,PATAGONIA,Shopping,Clothing,198.89,
04/20/2026,Sam Checking,CHIPOTLE,Food,Restaurants,33.03,
04/20/2026,Sam Checking,STARBUCKS,Food,Restaurants,5.25,
04/21/2025,Alex AppleCard,CARTERS,Kids,Clothing,150.88,
04/21/2025,Alex ChaseCard,LOCAL BISTRO,Food,Restaurants,106.3,
04/21/2025,Alex Checking,STARBUCKS,Food,Restaurants,6.31,
04/21/2025,Sam AppleCard,AMAZON GIFTS,Gifts,Family,142.59,
04/21/2025,Sam ChaseCard,CHIPOTLE,Food,Restaurants,22.74,
04/21/2025,Sam ChaseCard,CARTERS,Kids,Clothing,129.13,
04/21/2026,Alex AppleCard,UBER,Transport,Rideshare,35.93,
04/22/2025,Alex AppleCard,SHELL,Transport,Gas,66.38,
04/22/2026,Alex ChaseCard,WHOLE FOODS,Food,Groceries,176.02,
04/23/2025,Alex ChaseCard,WHOLE FOODS,Food,Groceries,126.93,
04/23/2025,Alex Checking,SHELL,Transport,Gas,74.81,
04/23/2026,Alex ChaseCard,AMAZON,Shopping,Home Goods,97.81,
04/23/2026,Sam AppleCard,MARIA CLEANING SERVICE,Housing,Cleaning,171.17,
04/23/2026,Sam ChaseCard,TRADER JOE'S,Food,Groceries,81.17,
04/24/2025,Sam AppleCard,MARIA CLEANING SERVICE,Housing,Cleaning,177.82,
04/24/2025,Sam ChaseCard,TRADER JOE'S,Food,Groceries,91.7,
04/24/2026,Alex AppleCard,STARBUCKS,Food,Restaurants,5.33,
04/24/2026,Alex Checking,STARBUCKS,Food,Restaurants,8.8,
04/26/2025,Sam ChaseCard,PRIVATE SCHOOL TUITION,Kids,Schools,2909.71,
04/26/2026,Sam Checking,AMAZON,Shopping,Home Goods,94.33,
04/27/2025,Alex Checking,CVS PHARMACY,Health,Pharmacy,50.25,
04/27/2026,Sam ChaseCard,CHIPOTLE,Food,Restaurants,29.78,
04/27/2026,Sam ChaseCard,SUSHI HOUSE,Food,Restaurants,122.1,
04/28/2025,Alex ChaseCard,STARBUCKS,Food,Restaurants,6.78,
04/28/2025,Sam ChaseCard,STARBUCKS,Food,Restaurants,5.37,
04/28/2025,Sam Checking,CHIPOTLE,Food,Restaurants,26.64,
04/28/2026,Sam Checking,CARTERS,Kids,Clothing,127.26,
04/29/2026,Alex ChaseCard,WHOLE FOODS,Food,Groceries,156.53,
04/29/2026,Alex Checking,COUNTY TAX COLLECTOR,Housing,Property Tax,5464.0,
04/29/2026,Alex Checking,STARBUCKS,Food,Restaurants,5.81,
04/29/2026,Alex Checking,STARBUCKS,Food,Restaurants,7.72,
04/29/2026,Alex Checking,MARRIOTT,Travel,Hotels,478.71,
04/29/2026,Sam AppleCard,STARBUCKS,Food,Restaurants,5.66,
04/29/2026,Sam AppleCard,UBER,Transport,Rideshare,13.02,
04/29/2026,Sam Checking,SUSHI HOUSE,Food,Restaurants,85.29,
04/30/2025,Alex AppleCard,LAKE COMMUNITY HOA,Holiday Home,HOA,356.15,
04/30/2025,Alex AppleCard,AMAZON,Shopping,Home Goods,93.35,
04/30/2025,Alex ChaseCard,AMAZON,Shopping,Home Goods,36.74,
04/30/2025,Alex Checking,WHOLE FOODS,Food,Groceries,170.27,
04/30/2025,Sam Checking,SAFEWAY,Food,Groceries,73.23,
04/30/2026,Alex AppleCard,UBER,Transport,Rideshare,16.76,
04/30/2026,Alex ChaseCard,SAFEWAY,Food,Groceries,88.76,
04/30/2026,Sam ChaseCard,TRADER JOE'S,Food,Groceries,105.93,
04/30/2026,Sam Checking,NORDSTROM,Shopping,Clothing,125.21,
05/01/2025,Alex AppleCard,NETFLIX,Subscriptions,Streaming,18.0,
05/01/2025,Alex ChaseCard,STARBUCKS,Food,Restaurants,8.04,
05/01/2025,Sam Checking,TRADER JOE'S,Food,Groceries,81.78,
05/01/2025,Sam Checking,HBO MAX,Subscriptions,Streaming,16.0,
05/02/2025,Alex Checking,ROCKET MORTGAGE,Housing,Mortgage,4280.0,
05/03/2025,Alex ChaseCard,SPOTIFY FAMILY,Subscriptions,Streaming,17.0,
05/03/2025,Alex Checking,CITY WATER,Housing,Utilities,94.88,
05/03/2025,Alex Checking,NYT DIGITAL,Subscriptions,News,22.0,
05/03/2025,Sam AppleCard,STARBUCKS,Food,Restaurants,8.11,
05/03/2025,Sam ChaseCard,STARBUCKS,Food,Restaurants,7.73,
05/03/2025,Sam ChaseCard,DOORDASH,Food,Delivery,58.36,
05/04/2025,Sam Checking,MUSIC LESSONS,Kids,Activities,235.8,
05/05/2025,Alex Checking,VAC HOME MORTGAGE,Holiday Home,Mortgage,1490.0,
05/05/2025,Sam Checking,CHIPOTLE,Food,Restaurants,28.56,
05/06/2025,Alex AppleCard,PG&E ELECTRIC,Housing,Utilities,199.1,
05/06/2025,Alex AppleCard,MOUNTAIN POWER CO-OP,Holiday Home,Utilities,167.89,
05/06/2025,Alex AppleCard,ADOBE CC,Subscriptions,Software,55.0,
05/06/2025,Alex ChaseCard,COMCAST INTERNET,Housing,Utilities,88.07,
05/06/2025,Sam AppleCard,CHEWY,Pets,Food,87.36,
05/06/2025,Sam ChaseCard,DISNEY+,Subscriptions,Streaming,14.0,
05/06/2025,Sam ChaseCard,WSJ,Subscriptions,News,39.0,
05/06/2025,Sam ChaseCard,ETSY,Gifts,Family,81.92,
05/07/2025,Alex AppleCard,ICLOUD STORAGE,Subscriptions,Software,3.0,
05/07/2025,Alex ChaseCard,STARBUCKS,Food,Restaurants,8.22,
05/07/2025,Alex ChaseCard,EQUINOX,Health,Fitness,265.0,
05/07/2025,Sam ChaseCard,WHOLE FOODS,Food,Groceries,175.38,
05/08/2025,Alex Checking,TRADER JOE'S,Food,Groceries,106.51,
05/08/2025,Sam AppleCard,CVS PHARMACY,Health,Pharmacy,36.63,
05/08/2025,Sam AppleCard,SHELL,Transport,Gas,61.2,
05/08/2025,Sam ChaseCard,MARIA CLEANING SERVICE,Housing,Cleaning,175.77,
05/08/2025,Sam Checking,PEDIATRICIAN COPAY,Health,Medical,54.65,
05/09/2025,Alex Checking,DOORDASH,Food,Delivery,53.6,
05/10/2025,Alex AppleCard,SHELL,Transport,Gas,57.88,
05/10/2025,Alex Checking,CARTERS,Kids,Clothing,131.2,
05/10/2025,Sam Checking,SUSHI HOUSE,Food,Restaurants,66.06,
05/11/2025,Alex ChaseCard,CABIN MAINTENANCE,Holiday Home,Maintenance,400.78,
05/11/2025,Sam Checking,NORDSTROM,Shopping,Clothing,176.62,
05/12/2025,Sam AppleCard,CHIPOTLE,Food,Restaurants,29.37,
05/12/2025,Sam AppleCard,SHELL,Transport,Gas,42.13,
05/13/2025,Alex Checking,TARGET,Shopping,Home Goods,90.38,
05/14/2025,Alex Checking,STARBUCKS,Food,Restaurants,5.95,
05/14/2025,Sam AppleCard,WHOLE FOODS,Food,Groceries,183.56,
05/15/2025,Alex AppleCard,STARBUCKS,Food,Restaurants,6.06,
05/15/2025,Sam ChaseCard,TRADER JOE'S,Food,Groceries,99.98,
05/16/2025,Alex Checking,CABIN MAINTENANCE,Holiday Home,Maintenance,390.08,
05/16/2025,Alex Checking,UBER,Transport,Rideshare,26.86,
05/16/2025,Sam AppleCard,STARBUCKS,Food,Restaurants,8.16,
05/18/2025,Sam AppleCard,STARBUCKS,Food,Restaurants,5.28,
05/19/2025,Alex ChaseCard,STARBUCKS,Food,Restaurants,8.45,
05/19/2025,Sam Checking,CHIPOTLE,Food,Restaurants,25.51,
05/19/2025,Sam Checking,STARBUCKS,Food,Restaurants,5.32,
05/20/2025,Alex AppleCard,LOCAL BISTRO,Food,Restaurants,138.24,
05/20/2025,Sam ChaseCard,TARGET,Shopping,Home Goods,42.56,
05/20/2025,Sam Checking,CARTERS,Kids,Clothing,148.28,
05/21/2025,Sam ChaseCard,STARBUCKS,Food,Restaurants,8.76,
05/21/2025,Sam Checking,WHOLE FOODS,Food,Groceries,163.86,
05/21/2025,Sam Checking,AMAZON,Shopping,Home Goods,61.99,
05/22/2025,Alex Checking,STARBUCKS,Food,Restaurants,5.48,
05/22/2025,Sam ChaseCard,MARIA CLEANING SERVICE,Housing,Cleaning,176.13,
05/22/2025,Sam Checking,TRADER JOE'S,Food,Groceries,84.08,
05/23/2025,Alex Checking,STARBUCKS,Food,Restaurants,8.14,
05/24/2025,Alex ChaseCard,TARGET,Shopping,Home Goods,95.68,
05/25/2025,Sam AppleCard,SHELL,Transport,Gas,49.48,
05/26/2025,Alex Checking,STARBUCKS,Food,Restaurants,7.56,
05/26/2025,Sam AppleCard,CHIPOTLE,Food,Restaurants,22.28,
05/27/2025,Sam Checking,PRIVATE SCHOOL TUITION,Kids,Schools,2914.97,
05/28/2025,Alex AppleCard,WHOLE FOODS,Food,Groceries,178.29,
05/28/2025,Sam AppleCard,AMAZON GIFTS,Gifts,Family,82.06,
05/29/2025,Alex ChaseCard,TRADER JOE'S,Food,Groceries,81.42,
05/29/2025,Alex ChaseCard,STARBUCKS,Food,Restaurants,7.14,
05/29/2025,Alex ChaseCard,UBER,Transport,Rideshare,32.51,
05/29/2025,Alex Checking,STARBUCKS,Food,Restaurants,8.54,
05/29/2025,Sam AppleCard,SUSHI HOUSE,Food,Restaurants,68.31,
05/29/2025,Sam ChaseCard,ETSY,Gifts,Family,28.96,
05/30/2025,Alex ChaseCard,CARTERS,Kids,Clothing,135.34,
05/31/2025,Alex Checking,SHELL,Transport,Gas,68.55,
06/01/2025,Alex AppleCard,CITY WATER,Housing,Utilities,88.4,
06/01/2025,Alex ChaseCard,STARBUCKS,Food,Restaurants,8.88,
06/01/2025,Alex Checking,STARBUCKS,Food,Restaurants,7.66,
06/01/2025,Sam ChaseCard,DOORDASH,Food,Delivery,25.31,
06/02/2025,Alex ChaseCard,HANDYMAN SERVICES,Housing,Maintenance,436.55,
06/02/2025,Alex Checking,ROCKET MORTGAGE,Housing,Mortgage,4280.0,
06/02/2025,Alex Checking,CHIPOTLE,Food,Restaurants,32.5,
06/02/2025,Sam AppleCard,AIRBNB,Travel,Hotels,894.27,
06/02/2025,Sam AppleCard,CHEWY,Pets,Food,92.98,
06/02/2025,Sam Checking,HBO MAX,Subscriptions,Streaming,16.0,
06/03/2025,Alex Checking,ADOBE CC,Subscriptions,Software,55.0,
06/04/2025,Alex Checking,PG&E ELECTRIC,Housing,Utilities,190.43,
06/04/2025,Alex Checking,COMCAST INTERNET,Housing,Utilities,90.59,
06/04/2025,Alex Checking,DOORDASH,Food,Delivery,61.94,
06/04/2025,Sam AppleCard,WHOLE FOODS,Food,Groceries,115.85,
06/04/2025,Sam ChaseCard,AMAZON,Shopping,Home Goods,29.58,
06/04/2025,Sam ChaseCard,UBER,Transport,Rideshare,22.7,
06/04/2025,Sam Checking,DOORDASH,Food,Delivery,41.9,
06/04/2025,Sam Checking,PEDIATRICIAN COPAY,Health,Medical,60.08,
06/04/2025,Sam Checking,AMAZON,Shopping,Home Goods,71.05,
06/05/2025,Sam AppleCard,TRADER JOE'S,Food,Groceries,71.42,
06/05/2025,Sam Checking,MARIA CLEANING SERVICE,Housing,Cleaning,188.23,
06/06/2025,Alex AppleCard,SAFEWAY,Food,Groceries,79.97,
06/06/2025,Alex AppleCard,NYT DIGITAL,Subscriptions,News,22.0,
06/06/2025,Alex ChaseCard,STARBUCKS,Food,Restaurants,5.29,
06/07/2025,Alex ChaseCard,EQUINOX,Health,Fitness,265.0,
06/07/2025,Alex ChaseCard,NETFLIX,Subscriptions,Streaming,18.0,
06/07/2025,Alex ChaseCard,SPOTIFY FAMILY,Subscriptions,Streaming,17.0,
06/07/2025,Alex ChaseCard,ICLOUD STORAGE,Subscriptions,Software,3.0,
06/07/2025,Alex Checking,DENTIST,Health,Medical,267.01,
06/07/2025,Sam AppleCard,PEDIATRICIAN COPAY,Health,Medical,53.14,
06/08/2025,Alex AppleCard,VAC HOME MORTGAGE,Holiday Home,Mortgage,1490.0,
06/08/2025,Alex Checking,MOUNTAIN POWER CO-OP,Holiday Home,Utilities,142.11,
06/08/2025,Sam ChaseCard,DISNEY+,Subscriptions,Streaming,14.0,
06/08/2025,Sam Checking,MUSIC LESSONS,Kids,Activities,237.04,
06/08/2025,Sam Checking,WSJ,Subscriptions,News,39.0,
06/09/2025,Alex AppleCard,CHIPOTLE,Food,Restaurants,27.59,
06/10/2025,Sam AppleCard,UBER,Transport,Rideshare,14.21,
06/11/2025,Alex Checking,WHOLE FOODS,Food,Groceries,212.5,
06/11/2025,Sam AppleCard,DELTA AIR LINES,Travel,Flights,615.72,
06/12/2025,Alex AppleCard,CVS PHARMACY,Health,Pharmacy,32.77,
06/12/2025,Sam Checking,TRADER JOE'S,Food,Groceries,60.04,
06/14/2025,Alex AppleCard,AMAZON,Shopping,Home Goods,73.72,
06/16/2025,Sam ChaseCard,CHIPOTLE,Food,Restaurants,23.54,
06/16/2025,Sam ChaseCard,NORDSTROM,Shopping,Clothing,285.49,
06/17/2025,Alex AppleCard,STARBUCKS,Food,Restaurants,8.2,
06/17/2025,Alex ChaseCard,STARBUCKS,Food,Restaurants,6.12,
06/18/2025,Alex Checking,WHOLE FOODS,Food,Groceries,159.24,
06/19/2025,Alex AppleCard,TRADER JOE'S,Food,Groceries,78.04,
06/19/2025,Sam Checking,MARIA CLEANING SERVICE,Housing,Cleaning,182.91,
06/20/2025,Sam AppleCard,ANIMAL HOSPITAL,Pets,Vet,368.84,
06/21/2025,Sam Checking,AMAZON GIFTS,Gifts,Family,169.9,
06/22/2025,Alex ChaseCard,AMAZON,Shopping,Home Goods,57.73,
06/23/2025,Alex ChaseCard,STARBUCKS,Food,Restaurants,8.45,
06/23/2025,Sam Checking,CHIPOTLE,Food,Restaurants,32.4,
06/24/2025,Sam Checking,STARBUCKS,Food,Restaurants,6.44,
06/25/2025,Alex Checking,LOCAL BISTRO,Food,Restaurants,97.48,
06/25/2025,Sam ChaseCard,STARBUCKS,Food,Restaurants,8.38,
06/25/2025,Sam Checking,WHOLE FOODS,Food,Groceries,116.46,
06/26/2025,Alex Checking,TRADER JOE'S,Food,Groceries,67.98,
06/26/2025,Sam AppleCard,STARBUCKS,Food,Restaurants,6.57,
06/27/2025,Sam Checking,SHELL,Transport,Gas,71.77,
06/28/2025,Alex ChaseCard,STARBUCKS,Food,Restaurants,8.96,
06/28/2025,Sam AppleCard,STARBUCKS,Food,Restaurants,8.21,
06/29/2025,Alex ChaseCard,STARBUCKS,Food,Restaurants,6.81,
06/29/2025,Alex Checking,CVS PHARMACY,Health,Pharmacy,26.39,
06/29/2025,Sam AppleCard,STARBUCKS,Food,Restaurants,9.02,
06/29/2025,Sam ChaseCard,DOORDASH,Food,Delivery,37.08,
06/30/2025,Alex ChaseCard,CHIPOTLE,Food,Restaurants,25.87,
06/30/2025,Sam AppleCard,STARBUCKS,Food,Restaurants,5.63,
06/30/2025,Sam AppleCard,STARBUCKS,Food,Restaurants,5.1,
06/30/2025,Sam ChaseCard,UBER,Transport,Rideshare,32.42,
07/01/2025,Alex AppleCard,ROCKET MORTGAGE,Housing,Mortgage,4280.0,
07/01/2025,Alex AppleCard,CARTERS,Kids,Clothing,124.95,
07/01/2025,Sam ChaseCard,HBO MAX,Subscriptions,Streaming,16.0,
07/02/2025,Alex ChaseCard,DOORDASH,Food,Delivery,39.03,
07/02/2025,Alex ChaseCard,ADOBE CC,Subscriptions,Software,55.0,
07/02/2025,Alex Checking,PG&E ELECTRIC,Housing,Utilities,332.01,
07/02/2025,Alex Checking,COMCAST INTERNET,Housing,Utilities,88.95,
07/02/2025,Alex Checking,WHOLE FOODS,Food,Groceries,204.99,
07/03/2025,Alex ChaseCard,SPOTIFY FAMILY,Subscriptions,Streaming,17.0,
07/03/2025,Alex Checking,CITY WATER,Housing,Utilities,93.52,
07/03/2025,Alex Checking,STARBUCKS,Food,Restaurants,5.76,
07/03/2025,Alex Checking,EQUINOX,Health,Fitness,265.0,
07/03/2025,Sam ChaseCard,MARIA CLEANING SERVICE,Housing,Cleaning,173.79,
07/03/2025,Sam ChaseCard,TRADER JOE'S,Food,Groceries,74.94,
07/03/2025,Sam ChaseCard,MUSIC LESSONS,Kids,Activities,249.89,
07/03/2025,Sam Checking,SAFEWAY,Food,Groceries,74.0,
07/03/2025,Sam Checking,SAFEWAY,Food,Groceries,72.44,
07/04/2025,Alex AppleCard,NETFLIX,Subscriptions,Streaming,18.0,
07/04/2025,Alex ChaseCard,ICLOUD STORAGE,Subscriptions,Software,3.0,
07/04/2025,Sam ChaseCard,UBER,Transport,Rideshare,21.89,
07/05/2025,Alex ChaseCard,MOUNTAIN POWER CO-OP,Holiday Home,Utilities,134.57,
07/05/2025,Alex ChaseCard,NYT DIGITAL,Subscriptions,News,22.0,
07/05/2025,Sam ChaseCard,AMAZON,Shopping,Home Goods,38.8,
07/05/2025,Sam Checking,CHEWY,Pets,Food,83.29,
07/06/2025,Alex Checking,AMAZON,Shopping,Home Goods,53.48,
07/07/2025,Alex AppleCard,CITY TOURS,Travel,Activities,266.93,
07/07/2025,Alex ChaseCard,VAC HOME MORTGAGE,Holiday Home,Mortgage,1490.0,
07/07/2025,Alex Checking,STARBUCKS,Food,Restaurants,6.92,
07/07/2025,Sam ChaseCard,CHIPOTLE,Food,Restaurants,30.38,
07/08/2025,Sam AppleCard,WSJ,Subscriptions,News,39.0,
07/08/2025,Sam ChaseCard,DISNEY+,Subscriptions,Streaming,14.0,
07/08/2025,Sam Checking,NORDSTROM,Shopping,Clothing,143.91,
07/09/2025,Alex ChaseCard,WHOLE FOODS,Food,Groceries,173.17,
07/09/2025,Alex Checking,CVS PHARMACY,Health,Pharmacy,29.42,
07/10/2025,Alex AppleCard,STARBUCKS,Food,Restaurants,7.43,
07/10/2025,Sam ChaseCard,TRADER JOE'S,Food,Groceries,58.95,
07/14/2025,Alex ChaseCard,CHIPOTLE,Food,Restaurants,26.76,
07/14/2025,Sam Checking,PRIVATE SCHOOL TUITION,Kids,Schools,2932.82,
07/15/2025,Sam Checking,AMAZON GIFTS,Gifts,Family,165.55,
07/16/2025,Alex ChaseCard,WHOLE FOODS,Food,Groceries,128.12,
07/17/2025,Sam ChaseCard,MARIA CLEANING SERVICE,Housing,Cleaning,174.92,
07/17/2025,Sam ChaseCard,TRADER JOE'S,Food,Groceries,109.09,
07/17/2025,Sam ChaseCard,SAFEWAY,Food,Groceries,53.34,
07/18/2025,Alex ChaseCard,SHELL,Transport,Gas,65.39,
07/18/2025,Sam AppleCard,SUSHI HOUSE,Food,Restaurants,76.35,
07/18/2025,Sam Checking,STARBUCKS,Food,Restaurants,5.52,
07/19/2025,Alex Checking,AMAZON,Shopping,Home Goods,50.76,
07/19/2025,Alex Checking,TARGET,Shopping,Home Goods,73.14,
07/21/2025,Alex Checking,AMAZON,Shopping,Home Goods,35.5,
07/21/2025,Sam AppleCard,HOME DEPOT,Housing,Maintenance,187.06,
07/21/2025,Sam ChaseCard,CHIPOTLE,Food,Restaurants,30.28,
07/21/2025,Sam ChaseCard,TARGET,Shopping,Home Goods,123.27,
07/22/2025,Alex Checking,LAKE COMMUNITY HOA,Holiday Home,HOA,346.13,
07/23/2025,Sam ChaseCard,WHOLE FOODS,Food,Groceries,204.5,
07/23/2025,Sam ChaseCard,SHELL,Transport,Gas,43.61,
07/24/2025,Alex Checking,TRADER JOE'S,Food,Groceries,77.88,
07/25/2025,Sam AppleCard,SUSHI HOUSE,Food,Restaurants,98.89,
07/25/2025,Sam AppleCard,DOORDASH,Food,Delivery,26.15,
07/25/2025,Sam Checking,STARBUCKS,Food,Restaurants,8.39,
07/26/2025,Alex AppleCard,AMAZON,Shopping,Home Goods,52.87,
07/26/2025,Sam ChaseCard,STARBUCKS,Food,Restaurants,5.34,
07/26/2025,Sam ChaseCard,CARTERS,Kids,Clothing,122.84,
07/27/2025,Sam AppleCard,PEDIATRICIAN COPAY,Health,Medical,49.6,
07/28/2025,Sam Checking,CHIPOTLE,Food,Restaurants,21.51,
07/30/2025,Alex ChaseCard,WHOLE FOODS,Food,Groceries,136.3,
07/30/2025,Alex ChaseCard,SAFEWAY,Food,Groceries,50.56,
07/30/2025,Sam ChaseCard,SUSHI HOUSE,Food,Restaurants,107.94,
07/30/2025,Sam Checking,SUSHI HOUSE,Food,Restaurants,115.85,
07/30/2025,Sam Checking,CVS PHARMACY,Health,Pharmacy,29.51,
07/31/2025,Alex ChaseCard,TRADER JOE'S,Food,Groceries,73.02,
07/31/2025,Alex Checking,AMAZON,Shopping,Home Goods,38.13,
07/31/2025,Sam AppleCard,MARIA CLEANING SERVICE,Housing,Cleaning,181.43,
08/01/2025,Alex AppleCard,LOCAL BISTRO,Food,Restaurants,92.33,
08/01/2025,Alex AppleCard,UNITED AIRLINES,Travel,Flights,795.22,
08/01/2025,Alex AppleCard,VAC HOME MORTGAGE,Holiday Home,Mortgage,1490.0,
08/01/2025,Alex ChaseCard,TARGET,Shopping,Home Goods,108.24,
08/01/2025,Alex Checking,ROCKET MORTGAGE,Housing,Mortgage,4280.0,
08/01/2025,Sam ChaseCard,WSJ,Subscriptions,News,39.0,
08/02/2025,Alex AppleCard,LOCAL BISTRO,Food,Restaurants,202.93,
08/02/2025,Alex AppleCard,EQUINOX,Health,Fitness,265.0,
08/02/2025,Alex ChaseCard,CITY WATER,Housing,Utilities,92.75,
08/02/2025,Alex Checking,COMCAST INTERNET,Housing,Utilities,89.95,
08/02/2025,Alex Checking,ICLOUD STORAGE,Subscriptions,Software,3.0,
08/03/2025,Alex Checking,CITY TOURS,Travel,Activities,144.22,
08/03/2025,Sam AppleCard,AIRBNB,Travel,Hotels,473.12,
08/03/2025,Sam Checking,STARBUCKS,Food,Restaurants,5.14,
08/04/2025,Alex AppleCard,PG&E ELECTRIC,Housing,Utilities,330.93,
08/04/2025,Alex ChaseCard,CHIPOTLE,Food,Restaurants,24.53,
08/04/2025,Alex ChaseCard,SPOTIFY FAMILY,Subscriptions,Streaming,17.0,
08/04/2025,Alex Checking,SAFEWAY,Food,Groceries,93.03,
08/04/2025,Alex Checking,ADOBE CC,Subscriptions,Software,55.0,
08/04/2025,Sam AppleCard,HBO MAX,Subscriptions,Streaming,16.0,
08/05/2025,Alex AppleCard,NETFLIX,Subscriptions,Streaming,18.0,
08/05/2025,Alex AppleCard,NYT DIGITAL,Subscriptions,News,22.0,
08/05/2025,Alex ChaseCard,CVS PHARMACY,Health,Pharmacy,43.66,
08/05/2025,Sam AppleCard,CHEWY,Pets,Food,92.33,
08/06/2025,Alex Checking,WHOLE FOODS,Food,Groceries,125.68,
08/06/2025,Sam AppleCard,STARBUCKS,Food,Restaurants,6.3,
08/06/2025,Sam ChaseCard,DISNEY+,Subscriptions,Streaming,14.0,
08/06/2025,Sam Checking,DOORDASH,Food,Delivery,40.88,
08/06/2025,Sam Checking,MUSIC LESSONS,Kids,Activities,236.5,
08/07/2025,Alex Checking,MOUNTAIN POWER CO-OP,Holiday Home,Utilities,141.28,
08/07/2025,Sam ChaseCard,TRADER JOE'S,Food,Groceries,87.27,
08/07/2025,Sam ChaseCard,AMAZON,Shopping,Home Goods,91.2,
08/08/2025,Sam AppleCard,DOORDASH,Food,Delivery,61.34,
08/10/2025,Sam Checking,AMAZON GIFTS,Gifts,Family,148.46,
08/11/2025,Alex AppleCard,CABIN MAINTENANCE,Holiday Home,Maintenance,250.03,
08/11/2025,Alex ChaseCard,CHIPOTLE,Food,Restaurants,33.11,
08/11/2025,Alex Checking,UNITED AIRLINES,Travel,Flights,597.0,
08/13/2025,Sam ChaseCard,AMAZON,Shopping,Home Goods,73.94,
08/13/2025,Sam Checking,WHOLE FOODS,Food,Groceries,189.7,
08/14/2025,Alex ChaseCard,TRADER JOE'S,Food,Groceries,68.31,
08/14/2025,Alex ChaseCard,SAFEWAY,Food,Groceries,52.34,
08/14/2025,Sam Checking,MARIA CLEANING SERVICE,Housing,Cleaning,172.1,
08/15/2025,Alex Checking,TARGET,Shopping,Home Goods,50.42,
08/15/2025,Sam ChaseCard,DOORDASH,Food,Delivery,39.73,
08/15/2025,Sam ChaseCard,UBER,Transport,Rideshare,18.53,
08/16/2025,Sam Checking,DENTIST,Health,Medical,249.42,
08/17/2025,Sam Checking,ETSY,Gifts,Family,41.71,
08/18/2025,Alex AppleCard,DOORDASH,Food,Delivery,35.8,
08/18/2025,Alex ChaseCard,CABIN MAINTENANCE,Holiday Home,Maintenance,285.41,
08/18/2025,Alex Checking,CHIPOTLE,Food,Restaurants,33.17,
08/19/2025,Sam ChaseCard,PEDIATRICIAN COPAY,Health,Medical,54.5,
08/20/2025,Alex AppleCard,WHOLE FOODS,Food,Groceries,212.14,
08/20/2025,Alex Checking,CITY TOURS,Travel,Activities,82.19,
08/20/2025,Alex Checking,TARGET,Shopping,Home Goods,114.96,
08/20/2025,Sam Checking,DENTIST,Health,Medical,243.02,
08/21/2025,Alex AppleCard,HOME DEPOT,Housing,Maintenance,124.49,
08/21/2025,Alex Checking,DOORDASH,Food,Delivery,40.51,
08/21/2025,Alex Checking,LAKE COMMUNITY HOA,Holiday Home,HOA,354.92,
08/21/2025,Sam ChaseCard,TRADER JOE'S,Food,Groceries,56.98,
08/22/2025,Alex AppleCard,SAFEWAY,Food,Groceries,54.53,
08/23/2025,Alex ChaseCard,TARGET,Shopping,Home Goods,101.49,
08/24/2025,Alex Checking,LOCAL BISTRO,Food,Restaurants,121.7,
08/24/2025,Sam ChaseCard,UBER,Transport,Rideshare,18.49,
08/25/2025,Sam AppleCard,SHELL,Transport,Gas,53.54,
08/25/2025,Sam ChaseCard,CHIPOTLE,Food,Restaurants,21.76,
08/25/2025,Sam ChaseCard,SUMMER CAMP,Kids,Camps,1675.74,
08/26/2025,Alex ChaseCard,STARBUCKS,Food,Restaurants,5.12,
08/27/2025,Alex ChaseCard,WHOLE FOODS,Food,Groceries,117.95,
08/27/2025,Sam AppleCard,DOORDASH,Food,Delivery,51.53,
08/27/2025,Sam Checking,ANIMAL HOSPITAL,Pets,Vet,215.72,
08/28/2025,Sam AppleCard,SUSHI HOUSE,Food,Restaurants,100.8,
08/28/2025,Sam ChaseCard,MARIA CLEANING SERVICE,Housing,Cleaning,172.03,
08/28/2025,Sam ChaseCard,DOORDASH,Food,Delivery,47.86,
08/28/2025,Sam Checking,TRADER JOE'S,Food,Groceries,95.66,
08/28/2025,Sam Checking,AMAZON GIFTS,Gifts,Family,129.16,
08/29/2025,Alex Checking,AMAZON,Shopping,Home Goods,77.19,
08/29/2025,Sam Checking,STARBUCKS,Food,Restaurants,5.12,
08/31/2025,Sam Checking,UBER,Transport,Rideshare,30.75,
09/01/2025,Alex AppleCard,ICLOUD STORAGE,Subscriptions,Software,3.0,
09/01/2025,Alex ChaseCard,SHELL,Transport,Gas,70.51,
09/01/2025,Sam AppleCard,HBO MAX,Subscriptions,Streaming,16.0,
09/01/2025,Sam Checking,CHIPOTLE,Food,Restaurants,31.59,
09/02/2025,Alex ChaseCard,STARBUCKS,Food,Restaurants,7.02,
09/02/2025,Alex Checking,COUNTY TAX COLLECTOR,Housing,Property Tax,5233.84,
09/02/2025,Sam Checking,DELTA AIR LINES,Travel,Flights,405.28,
09/03/2025,Alex ChaseCard,NYT DIGITAL,Subscriptions,News,22.0,
09/03/2025,Alex Checking,COMCAST INTERNET,Housing,Utilities,88.91,
09/03/2025,Sam ChaseCard,WHOLE FOODS,Food,Groceries,194.92,
09/03/2025,Sam Checking,SUSHI HOUSE,Food,Restaurants,68.26,
09/04/2025,Alex AppleCard,MOUNTAIN POWER CO-OP,Holiday Home,Utilities,152.25,
09/04/2025,Sam Checking,TRADER JOE'S,Food,Groceries,65.07,
09/04/2025,Sam Checking,DISNEY+,Subscriptions,Streaming,14.0,
09/04/2025,Sam Checking,CHEWY,Pets,Food,90.01,
09/05/2025,Alex ChaseCard,STARBUCKS,Food,Restaurants,7.31,
09/05/2025,Alex Checking,PG&E ELECTRIC,Housing,Utilities,225.81,
09/05/2025,Sam AppleCard,STARBUCKS,Food,Restaurants,6.57,
09/05/2025,Sam Checking,MUSIC LESSONS,Kids,Activities,239.62,
09/06/2025,Alex ChaseCard,STARBUCKS,Food,Restaurants,6.77,
09/06/2025,Alex Checking,NETFLIX,Subscriptions,Streaming,18.0,
09/06/2025,Sam Checking,STARBUCKS,Food,Restaurants,6.26,
09/07/2025,Alex AppleCard,ROCKET MORTGAGE,Housing,Mortgage,4280.0,
09/07/2025,Alex Checking,STARBUCKS,Food,Restaurants,8.45,
09/07/2025,Alex Checking,EQUINOX,Health,Fitness,265.0,
09/07/2025,Alex Checking,ADOBE CC,Subscriptions,Software,55.0,
09/07/2025,Sam ChaseCard,WSJ,Subscriptions,News,39.0,
09/08/2025,Alex ChaseCard,LOCAL BISTRO,Food,Restaurants,103.89,
09/08/2025,Alex ChaseCard,VAC HOME MORTGAGE,Holiday Home,Mortgage,1490.0,
09/08/2025,Alex ChaseCard,SPOTIFY FAMILY,Subscriptions,Streaming,17.0,
09/08/2025,Alex Checking,CITY WATER,Housing,Utilities,90.28,
09/08/2025,Alex Checking,AMAZON,Shopping,Home Goods,58.9,
09/08/2025,Sam AppleCard,CHIPOTLE,Food,Restaurants,23.85,
09/09/2025,Sam ChaseCard,STARBUCKS,Food,Restaurants,6.33,
09/10/2025,Alex ChaseCard,WHOLE FOODS,Food,Groceries,131.26,
09/11/2025,Sam AppleCard,TRADER JOE'S,Food,Groceries,113.6,
09/11/2025,Sam AppleCard,SAFEWAY,Food,Groceries,67.69,
09/11/2025,Sam Checking,MARIA CLEANING SERVICE,Housing,Cleaning,179.58,
09/13/2025,Alex ChaseCard,DENTIST,Health,Medical,253.5,
09/13/2025,Alex ChaseCard,UBER,Transport,Rideshare,16.79,
09/13/2025,Sam Checking,STARBUCKS,Food,Restaurants,7.23,
09/15/2025,Alex ChaseCard,CHIPOTLE,Food,Restaurants,27.13,
09/15/2025,Sam ChaseCard,STARBUCKS,Food,Restaurants,7.75,
09/16/2025,Alex Checking,AMAZON,Shopping,Home Goods,44.73,
09/17/2025,Alex ChaseCard,WHOLE FOODS,Food,Groceries,201.84,
09/17/2025,Alex ChaseCard,AMAZON,Shopping,Home Goods,55.92,
09/17/2025,Alex ChaseCard,SHELL,Transport,Gas,64.91,
09/18/2025,Alex ChaseCard,TRADER JOE'S,Food,Groceries,90.47,
09/18/2025,Alex ChaseCard,LAKE COMMUNITY HOA,Holiday Home,HOA,350.03,
09/20/2025,Alex ChaseCard,TARGET,Shopping,Home Goods,112.61,
09/21/2025,Sam Checking,STARBUCKS,Food,Restaurants,5.3,
09/22/2025,Alex AppleCard,DENTIST,Health,Medical,283.58,
09/22/2025,Sam AppleCard,CHIPOTLE,Food,Restaurants,21.4,
09/22/2025,Sam Checking,UBER,Transport,Rideshare,27.13,
09/24/2025,Sam AppleCard,WHOLE FOODS,Food,Groceries,135.26,
09/24/2025,Sam ChaseCard,STARBUCKS,Food,Restaurants,5.38,
09/24/2025,Sam Checking,DOORDASH,Food,Delivery,54.65,
09/24/2025,Sam Checking,DENTIST,Health,Medical,197.29,
09/25/2025,Alex AppleCard,TRADER JOE'S,Food,Groceries,93.49,
09/25/2025,Sam Checking,MARIA CLEANING SERVICE,Housing,Cleaning,173.83,
09/26/2025,Alex AppleCard,STARBUCKS,Food,Restaurants,5.09,
09/26/2025,Alex AppleCard,SHELL,Transport,Gas,59.45,
09/27/2025,Alex ChaseCard,MARRIOTT,Travel,Hotels,555.8,
09/27/2025,Sam Checking,STARBUCKS,Food,Restaurants,7.92,
09/28/2025,Sam Checking,SOCCER LEAGUE,Kids,Activities,174.04,
09/29/2025,Alex Checking,CHIPOTLE,Food,Restaurants,23.22,
09/29/2025,Sam AppleCard,STARBUCKS,Food,Restaurants,8.07,
09/29/2025,Sam ChaseCard,AMAZON,Shopping,Home Goods,40.85,
09/29/2025,Sam Checking,CVS PHARMACY,Health,Pharmacy,24.56,
09/30/2025,Sam ChaseCard,SHELL,Transport,Gas,69.34,
10/01/2025,Alex AppleCard,MOUNTAIN POWER CO-OP,Holiday Home,Utilities,125.98,
10/01/2025,Alex Checking,CITY WATER,Housing,Utilities,99.19,
10/01/2025,Sam AppleCard,DOORDASH,Food,Delivery,25.66,
10/01/2025,Sam AppleCard,CHEWY,Pets,Food,91.91,
10/01/2025,Sam AppleCard,SHELL,Transport,Gas,74.45,
10/01/2025,Sam ChaseCard,WHOLE FOODS,Food,Groceries,145.71,
10/02/2025,Alex ChaseCard,TRADER JOE'S,Food,Groceries,66.06,
10/03/2025,Alex ChaseCard,COMCAST INTERNET,Housing,Utilities,89.1,
10/03/2025,Alex ChaseCard,VAC HOME MORTGAGE,Holiday Home,Mortgage,1490.0,
10/03/2025,Sam ChaseCard,NORDSTROM,Shopping,Clothing,126.27,
10/04/2025,Alex AppleCard,EQUINOX,Health,Fitness,265.0,
10/04/2025,Alex AppleCard,SPOTIFY FAMILY,Subscriptions,Streaming,17.0,
10/04/2025,Alex Checking,PG&E ELECTRIC,Housing,Utilities,195.24,
10/04/2025,Alex Checking,LOCAL BISTRO,Food,Restaurants,116.01,
10/04/2025,Alex Checking,AMAZON,Shopping,Home Goods,94.93,
10/04/2025,Sam ChaseCard,MUSIC LESSONS,Kids,Activities,241.39,
10/05/2025,Alex AppleCard,ROCKET MORTGAGE,Housing,Mortgage,4280.0,
10/05/2025,Alex ChaseCard,STARBUCKS,Food,Restaurants,7.89,
10/05/2025,Sam Checking,STARBUCKS,Food,Restaurants,5.97,
10/05/2025,Sam Checking,DISNEY+,Subscriptions,Streaming,14.0,
10/06/2025,Alex AppleCard,NETFLIX,Subscriptions,Streaming,18.0,
10/06/2025,Alex ChaseCard,ADOBE CC,Subscriptions,Software,55.0,
10/06/2025,Alex Checking,CHIPOTLE,Food,Restaurants,26.71,
10/06/2025,Alex Checking,AMAZON,Shopping,Home Goods,38.56,
10/06/2025,Alex Checking,TARGET,Shopping,Home Goods,119.8,
10/06/2025,Sam AppleCard,HBO MAX,Subscriptions,Streaming,16.0,
10/07/2025,Alex AppleCard,NYT DIGITAL,Subscriptions,News,22.0,
10/07/2025,Alex AppleCard,AMAZON,Shopping,Home Goods,35.25,
10/07/2025,Alex Checking,STARBUCKS,Food,Restaurants,5.38,
10/07/2025,Alex Checking,ICLOUD STORAGE,Subscriptions,Software,3.0,
10/07/2025,Sam Checking,WSJ,Subscriptions,News,39.0,
10/08/2025,Alex AppleCard,WHOLE FOODS,Food,Groceries,117.84,
10/08/2025,Sam ChaseCard,UBER,Transport,Rideshare,12.71,
10/09/2025,Alex ChaseCard,SHELL,Transport,Gas,61.91,
10/09/2025,Sam ChaseCard,TRADER JOE'S,Food,Groceries,74.73,
10/09/2025,Sam Checking,MARIA CLEANING SERVICE,Housing,Cleaning,172.44,
10/10/2025,Alex AppleCard,STARBUCKS,Food,Restaurants,8.33,
10/11/2025,Sam ChaseCard,AMAZON,Shopping,Home Goods,32.68,
10/11/2025,Sam Checking,STARBUCKS,Food,Restaurants,7.1,
10/12/2025,Alex ChaseCard,STARBUCKS,Food,Restaurants,6.76,
10/12/2025,Sam ChaseCard,SOCCER LEAGUE,Kids,Activities,181.99,
10/13/2025,Alex AppleCard,CHIPOTLE,Food,Restaurants,27.46,
10/13/2025,Sam ChaseCard,STARBUCKS,Food,Restaurants,7.45,
10/13/2025,Sam Checking,SAFEWAY,Food,Groceries,94.66,
10/14/2025,Alex AppleCard,STARBUCKS,Food,Restaurants,6.25,
10/14/2025,Sam Checking,STARBUCKS,Food,Restaurants,8.19,
10/15/2025,Alex ChaseCard,WHOLE FOODS,Food,Groceries,148.0,
10/15/2025,Alex ChaseCard,CVS PHARMACY,Health,Pharmacy,26.81,
10/16/2025,Sam ChaseCard,TRADER JOE'S,Food,Groceries,75.33,
10/17/2025,Alex ChaseCard,AMAZON,Shopping,Home Goods,104.87,
10/17/2025,Sam ChaseCard,SAFEWAY,Food,Groceries,42.58,
10/17/2025,Sam ChaseCard,DOORDASH,Food,Delivery,39.65,
10/17/2025,Sam ChaseCard,UBER,Transport,Rideshare,21.76,
10/18/2025,Alex Checking,TARGET,Shopping,Home Goods,110.04,
10/20/2025,Alex ChaseCard,SHELL,Transport,Gas,47.58,
10/20/2025,Alex Checking,CHIPOTLE,Food,Restaurants,32.65,
10/21/2025,Alex ChaseCard,DOORDASH,Food,Delivery,29.47,
10/21/2025,Alex ChaseCard,AMAZON,Shopping,Home Goods,81.93,
10/21/2025,Alex Checking,AMAZON,Shopping,Home Goods,84.81,
10/21/2025,Alex Checking,SHELL,Transport,Gas,43.93,
10/21/2025,Sam AppleCard,TARGET,Shopping,Home Goods,110.13,
10/22/2025,Alex AppleCard,TARGET,Shopping,Home Goods,121.5,
10/22/2025,Alex ChaseCard,WHOLE FOODS,Food,Groceries,150.26,
10/23/2025,Alex AppleCard,UBER,Transport,Rideshare,34.18,
10/23/2025,Alex ChaseCard,AMAZON,Shopping,Home Goods,78.59,
10/23/2025,Sam AppleCard,MARIA CLEANING SERVICE,Housing,Cleaning,172.23,
10/23/2025,Sam ChaseCard,TRADER JOE'S,Food,Groceries,99.99,
10/23/2025,Sam Checking,CVS PHARMACY,Health,Pharmacy,23.46,
10/24/2025,Alex ChaseCard,AMAZON,Shopping,Home Goods,108.61,
10/24/2025,Sam AppleCard,UBER,Transport,Rideshare,14.17,
10/24/2025,Sam Checking,SHELL,Transport,Gas,74.42,
10/25/2025,Alex ChaseCard,LOCAL BISTRO,Food,Restaurants,165.6,
10/26/2025,Alex Checking,HOME DEPOT,Housing,Maintenance,207.62,
10/27/2025,Sam Checking,CHIPOTLE,Food,Restaurants,25.09,
10/28/2025,Alex AppleCard,CVS PHARMACY,Health,Pharmacy,43.48,
10/28/2025,Alex ChaseCard,CVS PHARMACY,Health,Pharmacy,35.23,
10/28/2025,Alex Checking,STARBUCKS,Food,Restaurants,8.61,
10/28/2025,Alex Checking,TOYOTA SERVICE,Transport,Auto Service,301.22,
10/28/2025,Sam ChaseCard,SHELL,Transport,Gas,72.62,
10/29/2025,Sam ChaseCard,SAFEWAY,Food,Groceries,95.02,
10/29/2025,Sam Checking,WHOLE FOODS,Food,Groceries,212.63,
10/30/2025,Sam ChaseCard,TRADER JOE'S,Food,Groceries,104.93,
10/30/2025,Sam Checking,CARTERS,Kids,Clothing,83.55,
10/31/2025,Alex AppleCard,SAFEWAY,Food,Groceries,62.6,
10/31/2025,Alex AppleCard,TARGET,Shopping,Home Goods,75.06,
10/31/2025,Sam AppleCard,DENTIST,Health,Medical,154.9,
11/01/2025,Alex AppleCard,PG&E ELECTRIC,Housing,Utilities,237.03,
11/01/2025,Alex AppleCard,SPOTIFY FAMILY,Subscriptions,Streaming,17.0,
11/01/2025,Alex Checking,ICLOUD STORAGE,Subscriptions,Software,3.0,
11/02/2025,Sam AppleCard,CHEWY,Pets,Food,91.99,
11/03/2025,Alex AppleCard,LOCAL BISTRO,Food,Restaurants,114.52,
11/03/2025,Alex ChaseCard,AMAZON,Shopping,Home Goods,91.72,
11/03/2025,Alex Checking,ROCKET MORTGAGE,Housing,Mortgage,4280.0,
11/03/2025,Alex Checking,NETFLIX,Subscriptions,Streaming,18.0,
11/03/2025,Alex Checking,ADOBE CC,Subscriptions,Software,55.0,
11/03/2025,Sam ChaseCard,CHIPOTLE,Food,Restaurants,32.69,
11/03/2025,Sam ChaseCard,WSJ,Subscriptions,News,39.0,
11/03/2025,Sam Checking,SAFEWAY,Food,Groceries,72.87,
11/04/2025,Alex AppleCard,STARBUCKS,Food,Restaurants,9.1,
11/04/2025,Alex AppleCard,AMAZON,Shopping,Home Goods,140.58,
11/04/2025,Sam ChaseCard,MUSIC LESSONS,Kids,Activities,246.51,
11/05/2025,Alex ChaseCard,EQUINOX,Health,Fitness,265.0,
11/05/2025,Alex Checking,CITY WATER,Housing,Utilities,91.96,
11/05/2025,Sam AppleCard,WHOLE FOODS,Food,Groceries,126.92,
11/06/2025,Alex Checking,SAFEWAY,Food,Groceries,66.7,
11/06/2025,Alex Checking,VAC HOME MORTGAGE,Holiday Home,Mortgage,1490.0,
11/06/2025,Alex Checking,NYT DIGITAL,Subscriptions,News,22.0,
11/06/2025,Sam AppleCard,MARIA CLEANING SERVICE,Housing,Cleaning,183.15,
11/06/2025,Sam AppleCard,TRADER JOE'S,Food,Groceries,99.82,
11/06/2025,Sam ChaseCard,STARBUCKS,Food,Restaurants,5.04,
11/06/2025,Sam Checking,AMAZON,Shopping,Home Goods,88.37,
11/07/2025,Alex AppleCard,COMCAST INTERNET,Housing,Utilities,90.53,
11/07/2025,Sam ChaseCard,DISNEY+,Subscriptions,Streaming,14.0,
11/08/2025,Alex ChaseCard,MOUNTAIN POWER CO-OP,Holiday Home,Utilities,148.19,
11/08/2025,Sam AppleCard,DELTA AIR LINES,Travel,Flights,646.99,
11/08/2025,Sam Checking,HBO MAX,Subscriptions,Streaming,16.0,
11/09/2025,Sam ChaseCard,TARGET,Shopping,Home Goods,112.91,
11/10/2025,Sam AppleCard,CHIPOTLE,Food,Restaurants,27.4,
11/11/2025,Alex Checking,DOORDASH,Food,Delivery,42.65,
11/12/2025,Alex AppleCard,STARBUCKS,Food,Restaurants,6.79,
11/12/2025,Sam AppleCard,WHOLE FOODS,Food,Groceries,172.98,
11/13/2025,Alex ChaseCard,TRADER JOE'S,Food,Groceries,68.59,
11/13/2025,Alex Checking,CITY TOURS,Travel,Activities,98.25,
11/13/2025,Sam AppleCard,STARBUCKS,Food,Restaurants,6.52,
11/14/2025,Alex ChaseCard,LAKE COMMUNITY HOA,Holiday Home,HOA,348.99,
11/15/2025,Alex AppleCard,STARBUCKS,Food,Restaurants,7.66,
11/15/2025,Alex ChaseCard,STARBUCKS,Food,Restaurants,6.84,
11/16/2025,Alex ChaseCard,CABIN MAINTENANCE,Holiday Home,Maintenance,280.02,
11/16/2025,Sam AppleCard,STARBUCKS,Food,Restaurants,6.42,
11/16/2025,Sam Checking,PRIVATE SCHOOL TUITION,Kids,Schools,2898.82,
11/17/2025,Alex ChaseCard,CHIPOTLE,Food,Restaurants,23.67,
11/19/2025,Alex AppleCard,AMAZON,Shopping,Home Goods,158.64,
11/19/2025,Sam AppleCard,WHOLE FOODS,Food,Groceries,126.23,
11/20/2025,Alex Checking,TRADER JOE'S,Food,Groceries,57.65,
11/20/2025,Sam AppleCard,MARIA CLEANING SERVICE,Housing,Cleaning,178.27,
11/21/2025,Sam ChaseCard,AIRBNB,Travel,Hotels,1159.22,
11/22/2025,Sam AppleCard,CVS PHARMACY,Health,Pharmacy,43.48,
11/22/2025,Sam ChaseCard,AMAZON,Shopping,Home Goods,99.08,
11/24/2025,Alex AppleCard,CHIPOTLE,Food,Restaurants,24.87,
11/26/2025,Sam ChaseCard,WHOLE FOODS,Food,Groceries,187.63,
11/27/2025,Alex AppleCard,TRADER JOE'S,Food,Groceries,67.11,
11/27/2025,Alex ChaseCard,LOCAL BISTRO,Food,Restaurants,152.65,
11/27/2025,Alex ChaseCard,STARBUCKS,Food,Restaurants,6.37,
11/27/2025,Alex Checking,CARTERS,Kids,Clothing,86.49,
11/27/2025,Sam ChaseCard,STARBUCKS,Food,Restaurants,7.02,
11/28/2025,Sam Checking,AMAZON,Shopping,Home Goods,106.75,
11/29/2025,Alex AppleCard,CARTERS,Kids,Clothing,102.77,
11/29/2025,Alex Checking,PATAGONIA,Shopping,Clothing,371.52,
11/30/2025,Alex AppleCard,SAFEWAY,Food,Groceries,52.57,
11/30/2025,Alex ChaseCard,HANDYMAN SERVICES,Housing,Maintenance,320.47,
11/30/2025,Alex ChaseCard,AMAZON,Shopping,Home Goods,80.7,
11/30/2025,Sam AppleCard,UBER,Transport,Rideshare,22.85,
12/01/2025,Sam ChaseCard,CHIPOTLE,Food,Restaurants,34.08,
12/01/2025,Sam Checking,HBO MAX,Subscriptions,Streaming,16.0,
12/02/2025,Alex AppleCard,HANDYMAN SERVICES,Housing,Maintenance,618.84,
12/02/2025,Alex ChaseCard,MOUNTAIN POWER CO-OP,Holiday Home,Utilities,113.15,
12/02/2025,Sam ChaseCard,SUSHI HOUSE,Food,Restaurants,93.99,
12/02/2025,Sam Checking,CHEWY,Pets,Food,99.15,
12/03/2025,Sam ChaseCard,WHOLE FOODS,Food,Groceries,175.51,
12/04/2025,Alex ChaseCard,SPOTIFY FAMILY,Subscriptions,Streaming,17.0,
12/04/2025,Alex ChaseCard,UBER,Transport,Rideshare,30.77,
12/04/2025,Alex Checking,COMCAST INTERNET,Housing,Utilities,88.33,
12/04/2025,Alex Checking,TRADER JOE'S,Food,Groceries,64.32,
12/04/2025,Sam ChaseCard,WSJ,Subscriptions,News,39.0,
12/04/2025,Sam Checking,MARIA CLEANING SERVICE,Housing,Cleaning,175.43,
12/04/2025,Sam Checking,MUSIC LESSONS,Kids,Activities,244.92,
12/05/2025,Alex AppleCard,ROCKET MORTGAGE,Housing,Mortgage,4280.0,
12/05/2025,Alex ChaseCard,CITY WATER,Housing,Utilities,88.5,
12/06/2025,Alex AppleCard,ADOBE CC,Subscriptions,Software,55.0,
12/06/2025,Alex ChaseCard,PG&E ELECTRIC,Housing,Utilities,247.64,
12/06/2025,Alex ChaseCard,VAC HOME MORTGAGE,Holiday Home,Mortgage,1490.0,
12/06/2025,Alex ChaseCard,NYT DIGITAL,Subscriptions,News,22.0,
12/06/2025,Sam AppleCard,DISNEY+,Subscriptions,Streaming,14.0,
12/07/2025,Alex AppleCard,HANDYMAN SERVICES,Housing,Maintenance,288.21,
12/07/2025,Alex ChaseCard,NETFLIX,Subscriptions,Streaming,18.0,
12/07/2025,Alex Checking,EQUINOX,Health,Fitness,265.0,
12/07/2025,Sam AppleCard,UBER,Transport,Rideshare,14.11,
12/07/2025,Sam ChaseCard,SAFEWAY,Food,Groceries,79.04,
12/08/2025,Alex AppleCard,SAFEWAY,Food,Groceries,40.95,
12/08/2025,Alex ChaseCard,CITY TOURS,Travel,Activities,120.6,
12/08/2025,Alex ChaseCard,ICLOUD STORAGE,Subscriptions,Software,3.0,
12/08/2025,Sam AppleCard,CHIPOTLE,Food,Restaurants,24.96,
12/08/2025,Sam AppleCard,DELTA AIR LINES,Travel,Flights,849.86,
12/10/2025,Alex AppleCard,UBER,Transport,Rideshare,23.09,
12/10/2025,Alex ChaseCard,WHOLE FOODS,Food,Groceries,204.55,
12/11/2025,Alex ChaseCard,TRADER JOE'S,Food,Groceries,95.08,
12/11/2025,Sam ChaseCard,STARBUCKS,Food,Restaurants,5.96,
12/13/2025,Alex ChaseCard,DOORDASH,Food,Delivery,53.55,
12/13/2025,Sam ChaseCard,AMAZON,Shopping,Home Goods,149.53,
12/13/2025,Sam Checking,STARBUCKS,Food,Restaurants,5.83,
12/14/2025,Sam AppleCard,SAFEWAY,Food,Groceries,94.87,
12/14/2025,Sam AppleCard,ETSY,Gifts,Family,228.16,
12/14/2025,Sam ChaseCard,PRIVATE SCHOOL TUITION,Kids,Schools,2897.09,
12/14/2025,Sam ChaseCard,AMAZON,Shopping,Home Goods,190.8,
12/14/2025,Sam Checking,SHELL,Transport,Gas,62.27,
12/15/2025,Alex AppleCard,AMAZON,Shopping,Home Goods,91.86,
12/15/2025,Sam Checking,CHIPOTLE,Food,Restaurants,29.12,
12/15/2025,Sam Checking,STARBUCKS,Food,Restaurants,6.23,
12/16/2025,Alex AppleCard,STARBUCKS,Food,Restaurants,5.55,
12/16/2025,Alex Checking,DOORDASH,Food,Delivery,27.44,
12/16/2025,Sam Checking,PEDIATRICIAN COPAY,Health,Medical,50.68,
12/17/2025,Alex ChaseCard,WHOLE FOODS,Food,Groceries,119.89,
12/18/2025,Alex ChaseCard,TRADER JOE'S,Food,Groceries,96.87,
12/18/2025,Alex ChaseCard,LOCAL BISTRO,Food,Restaurants,153.68,
12/18/2025,Alex ChaseCard,STARBUCKS,Food,Restaurants,7.44,
12/18/2025,Sam AppleCard,SHELL,Transport,Gas,58.07,
12/18/2025,Sam ChaseCard,STARBUCKS,Food,Restaurants,8.13,
12/18/2025,Sam Checking,MARIA CLEANING SERVICE,Housing,Cleaning,171.72,
12/19/2025,Alex ChaseCard,AMAZON,Shopping,Home Goods,162.81,
12/19/2025,Sam ChaseCard,SAFEWAY,Food,Groceries,66.84,
12/19/2025,Sam ChaseCard,DELTA AIR LINES,Travel,Flights,759.66,
12/21/2025,Alex ChaseCard,SHELL,Transport,Gas,56.44,
12/22/2025,Sam AppleCard,CHIPOTLE,Food,Restaurants,27.25,
12/23/2025,Alex AppleCard,CITY TOURS,Travel,Activities,128.14,
12/24/2025,Alex AppleCard,LOCAL BISTRO,Food,Restaurants,113.93,
12/24/2025,Sam AppleCard,WHOLE FOODS,Food,Groceries,166.97,
12/25/2025,Alex AppleCard,UBER,Transport,Rideshare,14.54,
12/25/2025,Alex AppleCard,TOYOTA SERVICE,Transport,Auto Service,468.92,
12/25/2025,Sam AppleCard,TRADER JOE'S,Food,Groceries,91.3,
12/26/2025,Sam Checking,STARBUCKS,Food,Restaurants,5.41,
12/27/2025,Sam Checking,STARBUCKS,Food,Restaurants,5.23,
12/27/2025,Sam Checking,AMAZON,Shopping,Home Goods,138.6,
12/28/2025,Sam AppleCard,AMAZON GIFTS,Gifts,Family,447.89,
12/29/2025,Sam ChaseCard,CHIPOTLE,Food,Restaurants,25.65,
12/29/2025,Sam ChaseCard,PRIVATE SCHOOL TUITION,Kids,Schools,2900.85,
12/29/2025,Sam Checking,NORDSTROM,Shopping,Clothing,269.25,
12/31/2025,Alex ChaseCard,WHOLE FOODS,Food,Groceries,158.2,
12/31/2025,Alex ChaseCard,STARBUCKS,Food,Restaurants,8.51,
12/31/2025,Alex Checking,CVS PHARMACY,Health,Pharmacy,36.38,
12/31/2025,Alex Checking,AMAZON,Shopping,Home Goods,105.32,
12/31/2025,Sam Checking,SAFEWAY,Food,Groceries,41.35,
